category_id,category,,,,,
1,ABALONE,,,,,
2,ABIYUCH,,,,,
3,ACEROLA,,,,,
4,ACEROLA JUICE,,,,,
5,ACORN FLOUR,,,,,
6,ACORNS,,,,,
7,AGAVE,,,,,
8,AGUTUK,,,,,
9,ALCOHOLIC BEV,,,,,
10,ALFALFA SEEDS,,,,,
11,ALLSPICE,,,,,
12,ALMOND BUTTER,,,,,
13,ALMONDS,,,,,
14,AMARANTH,,,,,
15,AMARANTH GRAIN,,,,,
16,AMARANTH LEAVES,,,,,
17,ANCHOVY,,,,,
18,ANIMAL FAT,,,,,
19,APPLE CIDER-FLAVORED DRK,,,,,
20,APPLE JUC,,,,,
21,APPLES,,,,,
22,APPLESAUCE,,,,,
23,APRICOT NECTAR,,,,,
24,APRICOTS,,,,,
25,ARCHWAY HOME STYLE COOKIES,,,,,
26,ARROWHEAD,,,,,
27,ARROWROOT,,,,,
28,ARTICHOKES,,,,,
29,ARTIFICIAL BLUEBERRY MUFFIN MIX,,,,,
30,ARUGULA,,,,,
31,ASPARAGUS,,,,,
32,AVOCADOS,,,,,
33,BABYFOOD,,,,,
34,BACON,,,,,
35,BACON BITS,,,,,
36,BAGEL,,,,,
37,BAGELS,,,,,
38,BAKED BNS,,,,,
39,BAKING CHOC,,,,,
40,BALSAM-PEAR (BITTER GOURD),,,,,
41,BAMBOO SHOOTS,,,,,
42,BANANAS,,,,,
43,BANQUET CHICK POT PIE,,,,,
44,BANQUET GRY & SALURY STK W/ MSHD POT & CORN IN SEASONSAU,,,,,
45,BANQUET HEARTY ONE STK DIN,,,,,
46,BANQUET ORIG FRIED CHK THIGH,,,,,
47,BANQUET SLCED BF W/GRY,,,,,
48,BANQUET TKY & GRY W/DRESS ,,,,,
49,BARBECUE LOAF,,,,,
50,BARLEY,,,,,
51,BASIL,,,,,
52,BASS,,,,,
53,BEANS,,,,,
54,BEAR,,,,,
55,BEECHNUTS,,,,,
56,BEEF,,,,,
57,BEEF BROTH&TOMATO JUC,,,,,
58,BEEF JERKY,,,,,
59,BEEF POT PIE,,,,,
60,BEEF SAUSAGE,,,,,
61,BEEF STEW,,,,,
62,BEERWURST,,,,,
63,BEET GREENS,,,,,
64,BEET GRNS,,,,,
65,BEETS,,,,,
66,BETTY CROCKER,,,,,
67,BEVERAGE,,,,,
68,BF,,,,,
69,BISCUIT,,,,,
70,BISCUITS,,,,,
71,BISON,,,,,
72,BLACKBERRIES,,,,,
73,BLACKBERRY JUC,,,,,
74,BLUEBERRIES,,,,,
75,BLUEFISH,,,,,
76,BOLOGNA,,,,,
77,BORAGE,,,,,
78,BOYSENBERRIES,,,,,
79,BRATWURST,,,,,
80,BRAUNSCHWEIGER (A LIVER SAUSAGE),,,,,
81,BRAZILNUTS,,,,,
82,BREAD,,,,,
83,BREAD CRUMBS,,,,,
84,BREAD STICKS,,,,,
85,BREAD STUFFING,,,,,
86,BREADFRUIT,,,,,
87,BREADFRUIT SEEDS,,,,,
88,BREADNUTTREE SEEDS,,,,,
89,BREAKFAST BAR,,,,,
90,BREAKFAST BARS,,,,,
91,BREAKFAST BURRITO,,,,,
92,BREAKFAST ITEMS,,,,,
93,BREAKFAST TART,,,,,
94,BREAKFAST TYPE DRK,,,,,
95,BROADBEANS,,,,,
96,BROADBEANS (FAVA BEANS),,,,,
97,BROADBEANS (FAVA BNS),,,,,
98,BROCCOLI,,,,,
99,BROCCOLI RAAB,,,,,
100,BROTWURST,,,,,
101,BRUSSELS SPROUTS,,,,,
102,BUCKWHEAT FLR,,,,,
103,BUCKWHEAT GROATS,,,,,
104,Buffalo,,,,,
105,BULGUR,,,,,
106,BURBOT,,,,,
107,BURDOCK ROOT,,,,,
108,BURGER KING,,,,,
109,BURRITO,,,,,
110,BUTCHER BOY MEATS,,,,,
111,BUTTER,,,,,
112,BUTTER OIL,,,,,
113,BUTTER REPLCMNT,,,,,
114,BUTTER-MARGARINE BLEND,,,,,
115,BUTTERBUR,,,,,
116,BUTTERFISH,,,,,
117,BUTTERNUTS,,,,,
118,CABBAGE,,,,,
119,CAKE,,,,,
120,CAMPBEL,,,,,
121,CAMPBEL COMPANY,,,,,
122,CAMPBELL,,,,,
123,CAMPBELL ,,,,,
124,CAMPBELL COMPANY,,,,,
125,CAMPBELL SOUP,,,,,
126,CAMPBELL SOUP CO,,,,,
127,CAMPBELL SOUP CO.,,,,,
128,CAMPBELL SOUP COMP,,,,,
129,CAMPBELL SOUP COMPANY,,,,,
130,CAMPBELL SOUPS,,,,,
131,CAMPBELL SUPPER BAKES MEAL KITS,,,,,
132,CAMPBELL'S CHNKY,,,,,
133,CAMPBELL'S CHNKY SOUPS,,,,,
134,CAMPBELL'S CHUNKY MICROWAVABLE BWLS,,,,,
135,CAMPBELL'S CHUNKY SOUPS,,,,,
136,CAMPBELL'S RED & WHITE,,,,,
137,CAMPBELL'S RED & WHITE - MCRWVEABLE BOWLS,,,,,
138,CAMPBELL'S RED & WHITE - MICROWAVEABLE BOWLS,,,,,
139,CAMPBELL'S RED&WHITE,,,,,
140,CAMPBELL'S SEL GOLD LABEL SOUPS,,,,,
141,CAMPBELL'S SEL MCRWVABLE BOWLS,,,,,
142,CAMPBELL'S SEL MCRWVABLE BWLS,,,,,
143,CAMPBELL'S SEL MICROWAVEABLE BOWLS,,,,,
144,CAMPBELL'S SEL SOUP,,,,,
145,CAMPBELL'S SOUP AT HAND,,,,,
146,CANDIES,,,,,
147,CAPERS,,,,,
148,CARAMBOLA,,,,,
149,CARB BEV,,,,,
150,CARBONATED BEV,,,,,
151,CARDOON,,,,,
152,CARIBOU,,,,,
153,CARISSA,,,,,
154,CARL BUDDIG,,,,,
155,CARL BUDDIG. CKD SMOKED BF PASTRAMI,,,,,
156,CAROB-FLAVOR BEV MIX,,,,,
157,CARP,,,,,
158,CARROT,,,,,
159,CARROT JUICE,,,,,
160,CARROTS,,,,,
161,CASHEW BUTTER,,,,,
162,CASHEW NUTS,,,,,
163,CASSAVA,,,,,
164,CATFISH,,,,,
165,CATSUP,,,,,
166,CATTAIL,,,,,
167,CAULIFLOWER,,,,,
168,CAVIAR,,,,,
169,CELERIAC,,,,,
170,CELERY,,,,,
171,CELERY FLAKES,,,,,
172,CELTUCE,,,,,
173,CEREAL RTE,,,,,
174,CEREAL WAFER STRAWS,,,,,
175,CEREALS,,,,,
176,CEREALS READY TO EAT,,,,,
177,CEREALS RTE,,,,,
178,CERLS,,,,,
179,CHARD,,,,,
180,CHAYOTE,,,,,
181,CHEESE,,,,,
182,CHEESE FD,,,,,
183,CHEESE FOOD,,,,,
184,CHEESE PRODUCT,,,,,
185,CHEESE PUFFS&TWISTS,,,,,
186,CHEESE SAU,,,,,
187,CHEESE SPRD,,,,,
188,CHEESE SUB,,,,,
189,CHEESECAKE PREP FROM MIX,,,,,
190,CHEESEFURTER,,,,,
191,CHEF BOYARDEE BEEFARONI,,,,,
192,CHEF BOYARDEE BF RAVIOLI IN TOMATO & MEAT SAU,,,,,
193,CHEF BOYARDEE MINI RAVIOLI,,,,,
194,CHEF BOYARDEE SPAGHETTI & MEATBALLS IN TOMATO SAU,,,,,
195,CHERIMOYA,,,,,
196,CHERRIES,,,,,
197,CHERVIL,,,,,
198,CHESTNUTS,,,,,
199,CHEWING GUM,,,,,
200,CHIA SEEDS,,,,,
201,CHICK,,,,,
202,CHICKEN,,,,,
203,CHICKEN BREAST TENDERS,,,,,
204,CHICKEN NUGGETS,,,,,
205,CHICKEN PATTY,,,,,
206,CHICKEN POT PIE,,,,,
207,CHICKPEAS,,,,,
208,CHICKPEAS ,,,,,
209,CHICKPEAS (GARBANZO BNS,,,,,
210,CHICORY,,,,,
211,CHICORY GREENS,,,,,
212,CHICORY ROOTS,,,,,
213,CHILD FORMULA,,,,,
214,CHILI,,,,,
215,CHILI CON CARNE W/BNS,,,,,
216,CHILI WITH BEANS,,,,,
217,CHITON,,,,,
218,CHIVES,,,,,
219,CHOC-FLV BEV MIX FOR MILK,,,,,
220,CHOCOLATE SYRUP,,,,,
221,CHOCOLATE-FLAVOR BEV MIX,,,,,
222,CHOCOLATE-FLAVOR BEV MIX FOR MILK,,,,,
223,CHOCOLATE-FLAVORED DRK,,,,,
224,CHOKECHERRIES,,,,,
225,CHORIZO,,,,,
226,CHRYSANTHEMUM,,,,,
227,CHRYSANTHEMUM LEAVES,,,,,
228,CINNAMON,,,,,
229,CINNAMON SWIRL FRENCH TOAST W/SAUSAGE,,,,,
230,CISCO,,,,,
231,CITRUS FRUIT JUC DRK,,,,,
232,CLAM,,,,,
233,CLAM&TOMATO JUC,,,,,
234,CLEMENTINES,,,,,
235,CLOUDBERRIES,,,,,
236,CLOVES,,,,,
237,CLS,,,,,
238,COCKLES,,,,,
239,COCKTAIL MIX,,,,,
240,COCOA,,,,,
241,COCOA MIX,,,,,
242,COCONUT CRM,,,,,
243,COCONUT MEAT,,,,,
244,COCONUT MILK,,,,,
245,COD,,,,,
246,COFFEE,,,,,
247,COFFEE SUB,,,,,
248,COFFEE&COCOA (MOCHA) PDR,,,,,
249,COFFEECAKE,,,,,
250,COLESLAW,,,,,
251,COLLARDS,,,,,
252,COMPANY,,,,,
253,CONCH,,,,,
254,CONTINEN MILL,,,,,
255,COOKIES,,,,,
256,CORIANDER (CILANTRO) LEAVES,,,,,
257,CORIANDER LEAF,,,,,
258,CORN,,,,,
259,CORN BRAN,,,,,
260,CORN CAKES,,,,,
261,CORN FLR,,,,,
262,CORN PUDD,,,,,
263,CORN W/RED&GRN PEPPERS,,,,,
264,CORN-BASED,,,,,
265,CORNED BEEF LOAF,,,,,
266,CORNMEAL,,,,,
267,CORNNUTS,,,,,
268,CORNSALAD,,,,,
269,COTTONSEED FLR,,,,,
270,COTTONSEED KRNLS,,,,,
271,COTTONSEED MEAL,,,,,
272,COUSCOUS,,,,,
273,COWPEAS,,,,,
274,COWPEAS (BLACKEYES),,,,,
275,CRAB,,,,,
276,CRABAPPLES,,,,,
277,CRACKERS,,,,,
278,CRANBERRIES,,,,,
279,CRANBERRY,,,,,
280,CRANBERRY JUC,,,,,
281,CRANBERRY JUC COCKTAIL,,,,,
282,CRANBERRY SAU,,,,,
283,CRANBERRY-APPLE JUC DRK,,,,,
284,CRANBERRY-APRICOT JUC DRK,,,,,
285,CRANBERRY-GRAPE JUC DRK,,,,,
286,CRANBERRY-ORANGE RELISH,,,,,
287,CRAYFISH,,,,,
288,CREAM,,,,,
289,CREAM PUFFS,,,,,
290,CREAM SUB,,,,,
291,CREAM SUBSTITUTE,,,,,
292,CREAMY DRSNG,,,,,
293,CRESS,,,,,
294,CRISPED RICE BAR,,,,,
295,CRLS,,,,,
296,CRMY DRSG,,,,,
297,CROAKER,,,,,
298,CROISSANTS,,,,,
299,CROUTONS,,,,,
300,CUCUMBER,,,,,
301,CURRANTS,,,,,
302,CUSK,,,,,
303,CUSTARD-APPLE,,,,,
304,CUTTLEFISH,,,,,
305,DAIRY DRK MIX,,,,,
306,DANDELION GREENS,,,,,
307,DANDELION GRNS,,,,,
308,DANISH PASTRY,,,,,
309,DATES,,,,,
310,DEER (VENISON),,,,,
311,DESSERT TOPPING,,,,,
312,DESSERTS,,,,,
313,DILL WEED,,,,,
314,DOCK,,,,,
315,DOLPHINFISH,,,,,
316,"DOMINO'S 14"" Cheese Pizza",,,,,
317,"DOMINO'S 14"" Pepperoni Pizza",,,,,
318,DOO DADS SNACK MIX,,,,,
319,Doughnuts,,,,,
320,DOVE,,,,,
321,DRINK MIX,,,,,
322,DRUM,,,,,
323,DUCK,,,,,
324,DURIAN,,,,,
325,DUTCH BRAND LOAF,,,,,
326,ECLAIRS,,,,,
327,EDAMAME,,,,,
328,EEL,,,,,
329,EGG,,,,,
330,EGG CUSTARDS,,,,,
331,EGG MIX,,,,,
332,EGG ROLLS,,,,,
333,EGG SUBSTITUTE,,,,,
334,EGGNOG-FLAVOR MIX,,,,,
335,EGGPLANT,,,,,
336,EGGS,,,,,
337,ELDERBERRIES,,,,,
338,Elk,,,,,
339,EMU,,,,,
340,ENDIVE,,,,,
341,ENG DRK,,,,,
342,ENGLISH,,,,,
343,ENGLISH MUFFIN,,,,,
344,ENGLISH MUFFINS,,,,,
345,ENGY DRK,,,,,
346,ENSURE FIBER W/ FOS,,,,,
347,ENSURE PLUS,,,,,
348,ENTREES,,,,,
349,EPAZOTE,,,,,
350,EPPAW,,,,,
351,FALAFEL,,,,,
352,FAST FD,,,,,
353,FAST FDS,,,,,
354,FAST FOODS,,,,,
355,FAT,,,,,
356,FEIJOA,,,,,
357,FENNEL,,,,,
358,FIDDLEHEAD FERNS,,,,,
359,FIGS,,,,,
360,FIREWEED,,,,,
361,FISH,,,,,
362,FISH OIL,,,,,
363,FISH PORTIONS&STKS,,,,,
364,FISH STICKS,,,,,
365,FLAN,,,,,
366,FLATFISH (FLOUNDER&SOLE SP),,,,,
367,FLUID REPLCMNT,,,,,
368,FORM,,,,,
369,FORM BAR,,,,,
370,FORMULATED,,,,,
371,Formulated bar,,,,,
372,FRANKFURTER,,,,,
373,FREEZER QUEEN GRAVY&SLICED BF MEAL,,,,,
374,FRENCH TOAST,,,,,
375,FRIJOLES ROJOS VOLTEADOS (REFRIED BNS,,,,,
376,FROG LEGS,,,,,
377,FROSTING,,,,,
378,FROSTINGS,,,,,
379,FROZ NOVELTIES,,,,,
380,FROZ NOVLT,,,,,
381,FROZEN NOVELITES,,,,,
382,FROZEN NOVELT,,,,,
383,FROZEN NOVELTIES,,,,,
384,FROZEN NOVL,,,,,
385,FROZEN YOGURTS,,,,,
386,FRUIT,,,,,
387,FRUIT BUTTERS,,,,,
388,FRUIT COCKTAIL,,,,,
389,FRUIT LEATHER,,,,,
390,FRUIT PUNCH DRK,,,,,
391,FRUIT PUNCH JUC DRK,,,,,
392,FRUIT PUNCH-FLAVOR DRK,,,,,
393,FRUIT SALAD,,,,,
394,FRUIT-FLAVORED DRK,,,,,
395,FRUIT-FLAVORED DRK MIX,,,,,
396,FRYBREAD,,,,,
397,FRZ NVL,,,,,
398,FST FD,,,,,
399,FST FOODS,,,,,
400,FT FDS,,,,,
401,FUNGI,,,,,
402,GAME MEAT,,,,,
403,GAME MEAT BISON,,,,,
404,GARLIC,,,,,
405,GEFILTEFISH,,,,,
406,GELATIN DSSRT,,,,,
407,GELATINS,,,,,
408,GENERAL MILLS,,,,,
409,GEORGE WESTON BAKER,,,,,
410,GEORGE WESTON BAKERIES,,,,,
411,GINGER,,,,,
412,GINGER ROOT,,,,,
413,GINKGO NUTS,,,,,
414,GOAT,,,,,
415,GOOSE,,,,,
416,GOOSEBERRIES,,,,,
417,GOURD,,,,,
418,GRANOLA BAR,,,,,
419,GRANOLA BARS,,,,,
420,GRAPE DRINK,,,,,
421,GRAPE JUC,,,,,
422,GRAPE JUC COCKTAIL,,,,,
423,GRAPE JUICE DRINK,,,,,
424,GRAPE LEAVES,,,,,
425,GRAPEFRUIT,,,,,
426,GRAPEFRUIT JUC,,,,,
427,GRAPEFRUIT JUICE,,,,,
428,GRAPES,,,,,
429,GRAVY,,,,,
430,GREEN GIANT,,,,,
431,GROUNDCHERRIES,,,,,
432,GROUPER,,,,,
433,GRY,,,,,
434,GUANABANA NECTAR,,,,,
435,GUAVA NECTAR,,,,,
436,GUAVA SAUCE,,,,,
437,GUAVAS,,,,,
438,GUINEA HEN,,,,,
439,HADDOCK,,,,,
440,HALIBUT,,,,,
441,HAM,,,,,
442,HAZELNUTS OR FILBERTS,,,,,
443,HC CHK ENCHI SUPMA IN GRN CHILI SAU,,,,,
444,HC CONTRY RSTD TKY W/CRANBERRY APPL SAU,,,,,
445,HC MESQ BF W/BBQ SAU,,,,,
446,HC SALBRY STK W/MSHRM GRVY,,,,,
447,HC TRADITION MT LF W/BRN SAU,,,,,
448,HEADCHEESE,,,,,
449,HEALTHY CHOIC BF MACARONI,,,,,
450,HEALTHY CHOIC CHICK TERIYAKI W/RICE MEDLEY BROCCOLI,,,,,
451,HEALTHY CHOIC MESQ CHK BBQ,,,,,
452,HEARTS OF PALM,,,,,
453,HEINZ,,,,,
454,HERRING,,,,,
455,HICKORYNUTS,,,,,
456,HODGSON MILL,,,,,
457,HOMINY,,,,,
458,HONEY ROLL SAUSAGE,,,,,
459,HORMEL,,,,,
460,HORMEL ALWAYS TENDER,,,,,
461,HORMEL CHILI,,,,,
462,HORMEL CHILI W/BNS,,,,,
463,HORMEL CORNED BF HASH,,,,,
464,HORMEL RST BF HASH,,,,,
465,HORMEL SPAM,,,,,
466,HORMEL TURKEY CHILI W/BNS,,,,,
467,HORMEL VEGETARIAN CHILI W/BNS,,,,,
468,HORSERADISH,,,,,
469,HORSERADISH-TREE,,,,,
470,HORSERADISH-TREE LEAFY TIPS,,,,,
471,HOT POCKETS,,,,,
472,HOT POCKETS HAM 'N CHS STUFFED SNDWCH,,,,,
473,HUCKLEBERRIES,,,,,
474,HUMMUS,,,,,
475,HUSH PUPPIES,,,,,
476,HYACINTH BNS,,,,,
477,HYACINTH-BEANS,,,,,
478,ICE CREAMS,,,,,
479,ICE CRM CONES,,,,,
480,IMITATION CHS,,,,,
481,INF FO,,,,,
482,INF FOR,,,,,
483,INF FOR NUTR,,,,,
484,INF FORM,,,,,
485,INF FORMMEAD JOHN,,,,,
486,INF FORMU,,,,,
487,INF FORMULA,,,,,
488,Infa for,,,,,
489,INFANT FORMULA,,,,,
490,INTERSTATE BRANDS CORP,,,,,
491,JACKFRUIT,,,,,
492,JAMS & PRESERVES,,,,,
493,JAMS&PRESERVES,,,,,
494,JAVA-PLUM,,,,,
495,JELLIES,,,,,
496,JELLYFISH,,,,,
497,JERUSALEM-ARTICHOKES,,,,,
498,JEW'S EAR,,,,,
499,JIMMY DEAN,,,,,
500,JUICE,,,,,
501,JUJUBE,,,,,
502,JUTE,,,,,
503,KALE,,,,,
504,KAMUT,,,,,
505,KANPYO,,,,,
506,KEEBLER,,,,,
507,KELLOGG,,,,,
508,KELLOGG'S POP-TARTS PASTRY SWIRLS,,,,,
509,KENTUCKY FRIED CHICK,,,,,
510,KID CUISINE CHK NUG,,,,,
511,KIELBASA,,,,,
512,KIWI FRUIT,,,,,
513,KIWIFRUIT,,,,,
514,KOHLRABI,,,,,
515,KRAFT,,,,,
516,KRAFT FOODS,,,,,
517,KRAFT MACARONI & CHEESE DINNER ORIGINAL FLAVOR,,,,,
518,KUMQUATS,,,,,
519,LAMB,,,,,
520,LAMBS QUARTERS,,,,,
521,LAMBSQUARTERS,,,,,
522,LASAGNA,,,,,
523,LASAGNA W/ MEAT & SAU,,,,,
524,LEAVENING AGENTS,,,,,
525,LEEKS,,,,,
526,LEMON GRASS (CITRONELLA),,,,,
527,LEMON JUC,,,,,
528,LEMON JUICE,,,,,
529,LEMON PEEL,,,,,
530,LEMONADE,,,,,
531,LEMONADE-FLAVOR DRK,,,,,
532,LEMONS,,,,,
533,LENTILS,,,,,
534,LETTUCE,,,,,
535,LIGHT ICE CRM,,,,,
536,LIMA BNS,,,,,
537,LIME JUC,,,,,
538,LIME JUICE,,,,,
539,LIMEADE,,,,,
540,LIMES,,,,,
541,LING,,,,,
542,LINGCOD,,,,,
543,LIPTON,,,,,
544,LITCHIS,,,,,
545,"LITTLE CAESARS 14"" CHS PIZZA",,,,,
546,"LITTLE CAESARS 14"" ORIGINAL RND CHS PIZZA",,,,,
547,"LITTLE CAESARS 14"" ORIGINAL RND MEAT & VEG PIZZA",,,,,
548,"LITTLE CAESARS 14"" ORIGINAL RND PEPPERONI PIZZA",,,,,
549,"LITTLE CAESARS 14"" PEPPERONI PIZZA",,,,,
550,LIVER CHEESE,,,,,
551,LIVER SAUSAGE,,,,,
552,LOBSTER,,,,,
553,LOGANBERRIES,,,,,
554,LOMA LINDA BIG FRANKS,,,,,
555,LOMA LINDA DINNER CUTS,,,,,
556,LOMA LINDA FRIED CHIK'N W/ GRAVY,,,,,
557,LOMA LINDA LINKETTS,,,,,
558,LOMA LINDA LITTLE LINKS,,,,,
559,LOMA LINDA LOFAT BIG FRANKS,,,,,
560,LOMA LINDA REDI-BURGER,,,,,
561,LOMA LINDA SWISS STAKE W/ GRAVY,,,,,
562,LOMA LINDA TENDER BITS,,,,,
563,LOMA LINDA TENDER ROUNDS W/ GRAVY,,,,,
564,LOMA LINDA VEGE-BURGER,,,,,
565,LONGANS,,,,,
566,LOQUATS,,,,,
567,LOTUS ROOT,,,,,
568,LOTUS SEEDS,,,,,
569,LOUIS RICH,,,,,
570,LUNCHEON MEAT,,,,,
571,LUNCHEON SAUSAGE,,,,,
572,LUNCHEON SLICES,,,,,
573,LUPINS,,,,,
574,LUXURY LOAF,,,,,
575,MACADAMIA NUTS,,,,,
576,MACARONI,,,,,
577,Macaroni and Cheese,,,,,
578,MACE,,,,,
579,MACKEREL,,,,,
580,MALABAR SPINACH,,,,,
581,MALTED DRK MIX,,,,,
582,MAMMY-APPLE,,,,,
583,MANGO NECTAR,,,,,
584,MANGOS,,,,,
585,MANGOSTEEN,,,,,
586,MARASCHINO CHERRIES,,,,,
587,MARGARINE,,,,,
588,MARGARINE SPRD,,,,,
589,MARGARINE-BUTTER BLEND,,,,,
590,MARGARINE-LIKE SHORTENING,,,,,
591,MARGARINE-LIKE SPRD,,,,,
592,MARIE CALLENDER TKY W/GRY & DRSNG W/ MSHD POT,,,,,
593,MARIE CALLENDER'S BF STROGANOFF & NOODLES,,,,,
594,MARIE CALLENDER'S CHICK POT PIE,,,,,
595,MARJORAM,,,,,
596,MARMALADE,,,,,
597,MARTHA WHITE FOODS,,,,,
598,MASHU ROOTS,,,,,
599,MAYONNAISE,,,,,
600,MAYONNAISE DRSNG,,,,,
601,McDONALD'S,,,,,
602,MCKEE BAKING,,,,,
603,MEAT DRIPPINGS (LARD,,,,,
604,MEATBALLS,,,,,
605,MELON,,,,,
606,MELON BALLS,,,,,
607,MELONS,,,,,
608,MILK,,,,,
609,MILK DSSRT,,,,,
610,MILK SHAKES,,,,,
611,MILK SUBSTITUTES,,,,,
612,MILKFISH,,,,,
613,MILLET,,,,,
614,MISSION FOODS,,,,,
615,MIXED NUTS,,,,,
616,MIXED VEG & FRUIT JUC DRK,,,,,
617,MONKFISH,,,,,
618,MOOSE,,,,,
619,MOR-NU,,,,,
620,MORI-NU,,,,,
621,MORNINGSTAR FARMS AMERICA'S ORIGINAL VEGGIE DOG,,,,,
622,MORNINGSTAR FARMS ASIAN VEGGIE PATTIES,,,,,
623,MORNINGSTAR FARMS BRKFST PATTIE MADE W/ ORG SOY,,,,,
624,MORNINGSTAR FARMS CHEDDAR BURGER,,,,,
625,MORNINGSTAR FARMS CHIK PATTIES ORIGINAL,,,,,
626,MORNINGSTAR FARMS CHIK'N NUGGETS,,,,,
627,MORNINGSTAR FARMS GARDEN VEGGIE PATTIES,,,,,
628,MORNINGSTAR FARMS GRILLERS ORIGINAL,,,,,
629,MORNINGSTAR FARMS GRILLERS PRIME,,,,,
630,MORNINGSTAR FARMS GRILLERS RECIPE CRUMBLES,,,,,
631,MORNINGSTAR FARMS GRILLERS VEGAN,,,,,
632,MORNINGSTAR FARMS ITALIAN HERB CHIK PATTIES,,,,,
633,MORNINGSTAR FARMS MEAL STARTERS CHIK'N STRIPS,,,,,
634,MORNINGSTAR FARMS MEAL STARTERS STEAK STRIPS,,,,,
635,MORNINGSTAR FARMS MEATFREE BUFFALO WINGS,,,,,
636,MORNINGSTAR FARMS MEATLESS CORN DOGS,,,,,
637,MORNINGSTAR FARMS MEATLESS MINI CORN DOGS,,,,,
638,MORNINGSTAR FARMS MUSHROOM LOVER'S BURGER,,,,,
639,MORNINGSTAR FARMS OKARA PATTIES MADE W/ ORG SOY,,,,,
640,MORNINGSTAR FARMS ORIGINAL CHIK'N TENDERS,,,,,
641,MORNINGSTAR FARMS PHILLY CHEESESTEAK BURGER,,,,,
642,MORNINGSTAR FARMS RSTD HERB CHIK'N W/ ORG SOY,,,,,
643,MORNINGSTAR FARMS SAUSAGE STYLE RECIPE CRUMBLES,,,,,
644,MORNINGSTAR FARMS SPICY BLACK BEAN BURGER,,,,,
645,MORNINGSTAR FARMS TOMATO & BASIL PIZZA BURGER,,,,,
646,MORNINGSTAR FARMS VEGAN BURGER MADE W/ ORG SOY,,,,,
647,MORNINGSTAR FARMS VEGGIE BACON STRIPS,,,,,
648,MORNINGSTAR FARMS VEGGIE BITES BROCCOLI CHEDDAR,,,,,
649,MORNINGSTAR FARMS VEGGIE BITES COUNTRY SCRAMBLE,,,,,
650,MORNINGSTAR FARMS VEGGIE BITES EGGS FLORENTINE,,,,,
651,MORNINGSTAR FARMS VEGGIE BITES SPINACH ARTICHOKE,,,,,
652,MORNINGSTAR FARMS VEGGIE CAKES GINGER TERIYAKI,,,,,
653,MORNINGSTAR FARMS VEGGIE CAKES SOUTHWESTERN STYLE,,,,,
654,MORNINGSTAR FARMS VEGGIE CORN DOGS W/ NAT INGR,,,,,
655,MORNINGSTAR FARMS VEGGIE MEDLEY W/ ORG SOY,,,,,
656,MORNINGSTAR FARMS VEGGIE SAUSAGE LINKS,,,,,
657,MORNINGSTAR FARMS VEGGIE SAUSAGE PATTIES,,,,,
658,MORTADELLA,,,,,
659,MOTHBEANS,,,,,
660,MOTHER'S LOAF,,,,,
661,MOUNTAIN YAM,,,,,
662,MOUSE NUTS,,,,,
663,MUFFIN,,,,,
664,MUFFINS,,,,,
665,MULBERRIES,,,,,
666,MULLET,,,,,
667,MUNG BNS,,,,,
668,MUNGO BNS,,,,,
669,MUSH,,,,,
670,MUSHROOM,,,,,
671,MUSHROOMS,,,,,
672,MUSSEL,,,,,
673,MUSTARD,,,,,
674,MUSTARD GREENS,,,,,
675,MUSTARD GRNS,,,,,
676,MUSTARD SEED,,,,,
677,MUSTARD SPINACH,,,,,
678,Mutton,,,,,
679,NABISCO,,,,,
680,NALLEY CHILI CON CARNE W/BNS,,,,,
681,NECTARINES,,,,,
682,NESTLE,,,,,
683,NEW ENGLAND BRAND SAUSAGE,,,,,
684,NEW ZEALAND SPINACH,,,,,
685,No Category,,,,,
686,NOODLES,,,,,
687,NOPALES,,,,,
688,NUTMEG,,,,,
689,NUTS,,,,,
690,OAT BRAN,,,,,
691,OAT FLR,,,,,
692,OCEAN PERCH,,,,,
693,OCTOPUS,,,,,
694,OHELOBERRIES,,,,,
695,OIL,,,,,
696,OKRA,,,,,
697,OLD EL PASO CHILI W/BNS,,,,,
698,OLIVE LOAF,,,,,
699,OLIVES,,,,,
700,ONION RINGS,,,,,
701,ONIONS,,,,,
702,OOPAH (TUNICATE),,,,,
703,ORANGE BRKFST DRK,,,,,
704,ORANGE DRK,,,,,
705,ORANGE JUC,,,,,
706,ORANGE JUICE,,,,,
707,ORANGE PEEL,,,,,
708,ORANGE-FLAVOR DRK,,,,,
709,ORANGE-GRAPEFRUIT JUC,,,,,
710,ORANGE&APRICOT JUC DRK,,,,,
711,ORANGES,,,,,
712,ORIENTAL MIX,,,,,
713,OSCAR MAYER,,,,,
714,OSTRICH,,,,,
715,OWL,,,,,
716,OYSTER,,,,,
717,PALM HEARTS,,,,,
718,PANCAKES,,,,,
719,Pancakes plain,,,,,
720,"PAPA JOHN'S 14"" CHS PIZZA",,,,,
721,"PAPA JOHN'S 14"" PEPPERONI PIZZA",,,,,
722,"PAPA JOHN'S 14"" THE WORKS PIZZA",,,,,
723,PAPAYA NECTAR,,,,,
724,PAPAYAS,,,,,
725,PARMESAN CHS TOPPING,,,,,
726,PARSLEY,,,,,
727,PARSNIPS,,,,,
728,PASSION-FRUIT,,,,,
729,PASSION-FRUIT JUC,,,,,
730,PASTA,,,,,
731,PASTA W/MEATBALLS IN TOMATO SAU,,,,,
732,PASTA W/SLICED FRANKS IN TOMATO SAU,,,,,
733,PASTRAMI,,,,,
734,PATE,,,,,
735,PATE DE FOIE GRAS,,,,,
736,PATIO BF & BEAN BURRITO,,,,,
737,PEACH NECTAR,,,,,
738,PEACHES,,,,,
739,PEANUT BUTTER,,,,,
740,PEANUT BUTTER W/ OMEGA-3,,,,,
741,PEANUT FLOUR,,,,,
742,PEANUT SPRD,,,,,
743,PEANUTS,,,,,
744,PEAR NECTAR,,,,,
745,PEARS,,,,,
746,PEAS,,,,,
747,PEAS&CARROTS,,,,,
748,PEAS&ONIONS,,,,,
749,PECANS,,,,,
750,PECTIN,,,,,
751,PEPEAO,,,,,
752,PEPPER,,,,,
753,PEPPERIDGE FARM APPL TURNOVERS,,,,,
754,PEPPERIDGE FARM CLASSIC STYLE CROUTONS,,,,,
755,PEPPERIDGE FARM CRUSTY ITALIAN BREAD,,,,,
756,PEPPERMINT,,,,,
757,PEPPERONI,,,,,
758,PEPPERS,,,,,
759,PERCH,,,,,
760,PERSIMMONS,,,,,
761,PHEASANT,,,,,
762,PICKLE RELISH,,,,,
763,PICKLE&PIMIENTO LOAF,,,,,
764,PICKLES,,,,,
765,PICNIC LOAF,,,,,
766,PIE,,,,,
767,PIE CRUST,,,,,
768,PIE FILLINGS,,,,,
769,PIGEON PEAS (RED GM),,,,,
770,PIGEONPEAS,,,,,
771,PIKE,,,,,
772,PILINUTS-CANARYTREE,,,,,
773,PILLSBURY,,,,,
774,PILLSBURY GOLDEN LAYER BTTRMLK BISCUIT,,,,,
775,PILLSBURY GRANDS,,,,,
776,PIMENTO,,,,,
777,PINE NUTS,,,,,
778,PINEAPPLE,,,,,
779,PINEAPPLE JUC,,,,,
780,PINEAPPLE&GRAPEFRUIT JUC DRK,,,,,
781,PINEAPPLE&ORANGE JUC DRK,,,,,
782,PINON NUTS,,,,,
783,PISTACHIO NUTS,,,,,
784,PITANGA,,,,,
785,PIZZA,,,,,
786,"PIZZA HUT 12"" CHS PIZZA",,,,,
787,"PIZZA HUT 12"" PEPPERONI PIZZA",,,,,
788,"PIZZA HUT 12"" SUPER SUPREME PIZZA",,,,,
789,"PIZZA HUT 14"" CHS PIZZA",,,,,
790,"PIZZA HUT 14"" PEPPERONI PIZZA",,,,,
791,"PIZZA HUT 14"" SUPER SUPREME PIZZA",,,,,
792,PLAINS PRICKLYPEAR,,,,,
793,PLANTAINS,,,,,
794,PLUMS,,,,,
795,POKEBERRY SHOOTS,,,,,
796,POLISH SAUSAGE,,,,,
797,POLLOCK,,,,,
798,POMEGRANATE JUC,,,,,
799,POMEGRANATES,,,,,
800,POMPANO,,,,,
801,POPCORN,,,,,
802,POPEYES,,,,,
803,POPOVERS,,,,,
804,PORK,,,,,
805,PORK & TURKEY SAUSAGE,,,,,
806,PORK SAUSAGE,,,,,
807,PORK SAUSAGE RICE LINKS,,,,,
808,PORK SKINS,,,,,
809,PORK&BF SAUSAGE,,,,,
810,POTATO,,,,,
811,POTATO CHIPS,,,,,
812,POTATO PUFFS,,,,,
813,POTATO SALAD,,,,,
814,POTATO SOUP,,,,,
815,POTATOES,,,,,
816,POULTRY,,,,,
817,POULTRY FD PRODUCTS,,,,,
818,POUT,,,,,
819,PRAIRIE TURNIPS,,,,,
820,PRETZELS,,,,,
821,PRICKLY PEARS,,,,,
822,PRK,,,,,
823,PRUNE JUICE,,,,,
824,PRUNES,,,,,
825,PUDDING,,,,,
826,PUDDINGS,,,,,
827,PUFF PASTRY,,,,,
828,PUMMELO,,,,,
829,PUMPKIN,,,,,
830,PUMPKIN FLOWERS,,,,,
831,PUMPKIN LEAVES,,,,,
832,PUMPKIN PIE MIX,,,,,
833,PUMPKIN&SQUASH SD KRNLS,,,,,
834,PUMPKIN&SQUASH SEEDS,,,,,
835,PURSLANE,,,,,
836,QUAIL,,,,,
837,QUAKER OATS,,,,,
838,QUINCES,,,,,
839,QUINOA,,,,,
840,RADICCHIO,,,,,
841,RADISH SEEDS,,,,,
842,RADISHES,,,,,
843,RAISINS,,,,,
844,RAMBUTAN,,,,,
845,RASPBERRIES,,,,,
846,RED BARON PREMIUM POCKETS,,,,,
847,REFRIED BNS,,,,,
848,RENNIN,,,,,
849,RHUBARB,,,,,
850,RICE,,,,,
851,RICE BOWL W/ CHICK,,,,,
852,RICE BRAN,,,,,
853,RICE CAKE,,,,,
854,RICE CAKES,,,,,
855,RICE FLOUR,,,,,
856,RICE NOODLES,,,,,
857,ROCKFISH,,,,,
858,ROE,,,,,
859,ROLLS,,,,,
860,ROSE HIPS,,,,,
861,ROSE-APPLES,,,,,
862,ROSELLE,,,,,
863,ROSEMARY,,,,,
864,ROUGHY,,,,,
865,ROWAL,,,,,
866,RUTABAGAS,,,,,
867,RYE FLOUR,,,,,
868,SABLEFISH,,,,,
869,SAFFLOWER SD KRNLS,,,,,
870,SAFFLOWER SD MEAL,,,,,
871,SAGE,,,,,
872,SALAD DRESSING,,,,,
873,SALAD DRSNG,,,,,
874,SALAMI,,,,,
875,SALMON,,,,,
876,SALMONBERRIES,,,,,
877,SALSIFY,,,,,
878,SALT,,,,,
879,SANDWICH SPRD,,,,,
880,SANDWICH SPREAD,,,,,
881,SANDWICHES&BURGERS,,,,,
882,SAPODILLA,,,,,
883,SAPOTES,,,,,
884,SARDINE,,,,,
885,SAUCE,,,,,
886,SAUERKRAUT,,,,,
887,SAUSAGE,,,,,
888,SAVORY,,,,,
889,SCALLOP,,,,,
890,SCRAMBLED EGGS&SAUSAGE W/HASHED BROWN POTATOES,,,,,
891,SCRAPPLE,,,,,
892,SCUP,,,,,
893,SEA BASS,,,,,
894,SEA CUCUMBER,,,,,
895,SEA LION,,,,,
896,Seal,,,,,
897,SEATROUT,,,,,
898,SEAWEED,,,,,
899,SEEDS,,,,,
900,SEMOLINA,,,,,
901,SESAME BUTTER,,,,,
902,SESAME FLOUR,,,,,
903,SESAME FLR,,,,,
904,SESAME MEAL,,,,,
905,SESAME SD KRNLS,,,,,
906,SESAME SEEDS,,,,,
907,SESAME STKS,,,,,
908,SESBANIA FLOWER,,,,,
909,SHAD,,,,,
910,SHAKE,,,,,
911,SHALLOTS,,,,,
912,SHARK,,,,,
913,SHEEPSHEAD,,,,,
914,SHERBET,,,,,
915,SHORTENING,,,,,
916,SHORTENING BREAD,,,,,
917,SHORTENING CAKE MIX,,,,,
918,SHORTENING CONFECTIONERY,,,,,
919,SHORTENING FRYING (HVY DUTY),,,,,
920,SHORTENING FRYING (REG),,,,,
921,SHORTENING FRYING HVY DUTY,,,,,
922,SHORTENING INDUSTRIAL,,,,,
923,SHRIMP,,,,,
924,SIDE DISHES,,,,,
925,SILK CHAI,,,,,
926,SILK CHOC,,,,,
927,SILK COFFEE,,,,,
928,SILK LT CHOC,,,,,
929,SILK LT PLN,,,,,
930,SILK LT VANILLA,,,,,
931,SILK MOCHA,,,,,
932,SILK NOG,,,,,
933,SILK PLN,,,,,
934,SILK PLUS FIBER,,,,,
935,SILK PLUS FOR BONE HEALTH,,,,,
936,SILK PLUS OMEGA-3 DHA,,,,,
937,SILK UNSWTND,,,,,
938,SILK VANILLA,,,,,
939,SILK VERY VANILLA,,,,,
940,SISYMBRIUM SP. SEEDS,,,,,
941,SMART ONES,,,,,
942,SMELT,,,,,
943,SMOKED LINK SAUSAGE,,,,,
944,SNACK,,,,,
945,SNACKS,,,,,
946,SNAIL,,,,,
947,SNAPPER,,,,,
948,SOUP,,,,,
949,SOUP COMPANY,,,,,
950,SOUR CREAM,,,,,
951,SOUR CRM,,,,,
952,SOUR DRSNG,,,,,
953,SOURDOCK,,,,,
954,SOURSOP,,,,,
955,SOY FLOUR,,,,,
956,SOY FLR,,,,,
957,SOY MEAL,,,,,
958,SOY PROT CONC,,,,,
959,SOY PROT ISOLATE,,,,,
960,SOY SAU MADE FROM SOY&WHEAT (SHOYU),,,,,
961,SOYBEAN,,,,,
962,SOYBEANS,,,,,
963,SOYMILK,,,,,
964,SOYMILK (ALL FLAVORS),,,,,
965,SPAGHETTI,,,,,
966,SPAGHETTI W/ MEAT SAU,,,,,
967,SPAGHETTIOS,,,,,
968,SPEARMINT,,,,,
969,SPELT,,,,,
970,SPICES,,,,,
971,SPINACH,,,,,
972,SPINY LOBSTER,,,,,
973,SPLIT PEA SOUP,,,,,
974,SPLIT PEA W/ HAM SOUP,,,,,
975,SPORTS DRK,,,,,
976,SPOT,,,,,
977,SQUAB,,,,,
978,SQUASH,,,,,
979,SQUID,,,,,
980,SQUIRREL,,,,,
981,STAGG CLASSIC CHILI W/BNS,,,,,
982,STAGG COUNTRY CHILI W/BNS,,,,,
983,STAGG DYNAMITE CHILI W/BNS,,,,,
984,STAGG RANCHHOUSE CHILI W/BNS,,,,,
985,STAGG SILVERADO CHILI W/BNS,,,,,
986,STEELHEAD TROUT,,,,,
987,STEW,,,,,
988,STEW/SOUP,,,,,
989,STOUFFER'S CHICK PIE,,,,,
990,STOUFFER'S CRMD CHIPPED BF,,,,,
991,STOUFFER'S HOMESTYLE SALISBURY STEAK IN GRAVY & MAC& CHS,,,,,
992,STOUFFER'S LASAGNA W/ MEAT & SAU,,,,,
993,STOUFFER'S LN CUISINE CHICK & VEG W/ VERMICELLI,,,,,
994,STOUFFER'S LN CUISINE HS BF POT RST W/ WHIPPED POTATOES,,,,,
995,STOUFFER'S LN CUISINE HS STUFF CAB W/ MEAT SAU&WHPED POT,,,,,
996,STOUFFER'S LN CUISINE MACARONI & BF IN TOMATO SAU,,,,,
997,STOUFFER'S LN CUISINE ORIENTAL BF W/ VEG & RICE,,,,,
998,STOUFFER'S LN CUISINE SPAGHETTI W/ MEAT SAU,,,,,
999,STOUFFER'S LN CUISINE SPAGHETTI W/ MEATBALLS & SAU,,,,,
1000,STOUFFER'S LN CUISINE SWEDISH MEATBALLS W/ PASTE,,,,,
1001,STOUFFER'S STUFFED PEPPERS W/ BF IN TOMATO SAU,,,,,
1002,STRAWBERRIES,,,,,
1003,STRAWBERRY-FLAVOR BEV MIX,,,,,
1004,STRUDEL,,,,,
1005,STURGEON,,,,,
1006,SUCCOTASH,,,,,
1007,SUCKER,,,,,
1008,SUGAR-APPLES,,,,,
1009,SUGARS,,,,,
1010,SUNFISH,,,,,
1011,SUNFLOWER SD BUTTER,,,,,
1012,SUNFLOWER SD FLR,,,,,
1013,SUNFLOWER SD KRNLS,,,,,
1014,SUPPER BAKES MEAL KITS,,,,,
1015,SWAMP CABBAGE,,,,,
1016,SWEET POTATO,,,,,
1017,SWEET POTATO LEAVES,,,,,
1018,SWEET ROLLS,,,,,
1019,SWEETENERS,,,,,
1020,SWEETPOTATO,,,,,
1021,SWORDFISH,,,,,
1022,SYRUPS,,,,,
1023,TACO BELL,,,,,
1024,TACO SHELLS,,,,,
1025,TAMARIND NECTAR,,,,,
1026,TAMARINDS,,,,,
1027,TANGERINE JUC,,,,,
1028,TANGERINE JUICE,,,,,
1029,TANGERINES,,,,,
1030,TAPIOCA,,,,,
1031,TARO,,,,,
1032,TARO LEAVES,,,,,
1033,TARO SHOOTS,,,,,
1034,TEA,,,,,
1035,TEFF,,,,,
1036,TEMPEH,,,,,
1037,TENNIS BREAD,,,,,
1038,THE BUDGET GOURMET,,,,,
1039,THURINGER,,,,,
1040,THYME,,,,,
1041,TILEFISH,,,,,
1042,TKY,,,,,
1043,TOASTER PASTRIES,,,,,
1044,TOFU,,,,,
1045,TOMATILLOS,,,,,
1046,TOMATO JUC,,,,,
1047,TOMATO PRODUCTS,,,,,
1048,TOMATO SAU,,,,,
1049,TOMATO&VEG JUC,,,,,
1050,TOMATOES,,,,,
1051,TOPPINGS,,,,,
1052,TORTELLINI,,,,,
1053,TORTILLA,,,,,
1054,TORTILLA CHIPS,,,,,
1055,TORTILLAS,,,,,
1056,TRAIL MIX,,,,,
1057,TREE FERN,,,,,
1058,TRITICALE FLR,,,,,
1059,TROUT,,,,,
1060,TUNA,,,,,
1061,TURBOT,,,,,
1062,TURKEY,,,,,
1063,TURKEY AND GRAVY,,,,,
1064,TURKEY BACON,,,,,
1065,TURKEY BREAST,,,,,
1066,TURKEY HAM,,,,,
1067,TURKEY PATTIES,,,,,
1068,TURKEY POT PIE,,,,,
1069,TURKEY ROLL,,,,,
1070,TURKEY RST,,,,,
1071,TURKEY SAUSAGE,,,,,
1072,TURKEY STKS,,,,,
1073,TURKEY THIGH,,,,,
1074,TURKEY&PORK SAUSAGE,,,,,
1075,TURMERIC,,,,,
1076,TURNIP GREENS,,,,,
1077,TURNIP GRNS,,,,,
1078,TURNIP GRNS&TURNIPS,,,,,
1079,TURNIPS,,,,,
1080,TURTLE,,,,,
1081,TYSON CHICK FAJITA KIT,,,,,
1082,USDA CMDTY,,,,,
1083,USDA CMDTY CHICK,,,,,
1084,USDA CMDTY FD,,,,,
1085,USDA CMDTY PEACHES,,,,,
1086,USDA CMDTY PEARS,,,,,
1087,USDA COMMODITY,,,,,
1088,VANILLA EXTRACT,,,,,
1089,VEAL,,,,,
1090,VEGETABLE JUC COCKTAIL,,,,,
1091,VEGETABLE OIL,,,,,
1092,VEGETABLE OIL-BUTTER SPRD,,,,,
1093,VEGETABLES,,,,,
1094,VERMICELLI,,,,,
1095,VINEGAR,,,,,
1096,VINESPINACH,,,,,
1097,VITASOY USA,,,,,
1098,WAFFLE,,,,,
1099,WAFFLES,,,,,
1100,WALNUTS,,,,,
1101,WALRUS,,,,,
1102,WASABI,,,,,
1103,WATER,,,,,
1104,WATER W/ ADDED VITAMINS & MINERALS,,,,,
1105,WATERCHESTNUTS,,,,,
1106,WATERCRESS,,,,,
1107,WATERMELON,,,,,
1108,WATERMELON SD KRNLS,,,,,
1109,WAXGOURD,,,,,
1110,WEIGHT WATCHERS SMART ONES,,,,,
1111,WENDY'S,,,,,
1112,WHALE,,,,,
1113,WHEAT,,,,,
1114,WHEAT BRAN,,,,,
1115,WHEAT FLOUR,,,,,
1116,WHEAT FLOURS,,,,,
1117,WHEAT FLR,,,,,
1118,WHEAT GERM,,,,,
1119,WHELK,,,,,
1120,WHEY,,,,,
1121,WHIPPED CRM SUB,,,,,
1122,WHIPPED TOPPING,,,,,
1123,WHISKEY SOUR MIX,,,,,
1124,WHITEFISH,,,,,
1125,WHITING,,,,,
1126,WILD RICE,,,,,
1127,WILLOW,,,,,
1128,WINE,,,,,
1129,WINGED BEAN,,,,,
1130,WINGED BEAN LEAVES,,,,,
1131,WINGED BEAN TUBER,,,,,
1132,WINGED BNS,,,,,
1133,WOLFFISH,,,,,
1134,WORTHINGTON CHIC-KETTS,,,,,
1135,WORTHINGTON CHILI,,,,,
1136,WORTHINGTON CHOPLETS,,,,,
1137,WORTHINGTON DICED CHIK,,,,,
1138,WORTHINGTON DINNER RST,,,,,
1139,WORTHINGTON FRICHIK,,,,,
1140,WORTHINGTON FRIPATS,,,,,
1141,WORTHINGTON LOFAT FRI CHIK,,,,,
1142,WORTHINGTON LOFAT VEJA-LINKS,,,,,
1143,WORTHINGTON MEATLESS CHICK,,,,,
1144,WORTHINGTON MEATLESS CORNED BF,,,,,
1145,WORTHINGTON MULTIGRAIN CUTLETS,,,,,
1146,WORTHINGTON PRIME STAKES,,,,,
1147,WORTHINGTON PROSAGE LINKS,,,,,
1148,WORTHINGTON PROSAGE ROLL,,,,,
1149,WORTHINGTON SAUCETTES,,,,,
1150,WORTHINGTON SMOKED TURKEY,,,,,
1151,WORTHINGTON STAKELETS,,,,,
1152,WORTHINGTON STRIPPLES,,,,,
1153,WORTHINGTON SUPER LINKS,,,,,
1154,WORTHINGTON TURKEE SLICES,,,,,
1155,WORTHINGTON VEG SKALLOPS,,,,,
1156,WORTHINGTON VEG STEAKS,,,,,
1157,WORTHINGTON VEGETARIAN BURGER,,,,,
1158,WORTHINGTON VEJA-LINKS,,,,,
1159,WORTHINGTON WHAM,,,,,
1160,YACHTWURST,,,,,
1161,YAM,,,,,
1162,YAMBEAN (JICAMA),,,,,
1163,YARDLONG BEAN,,,,,
1164,YARDLONG BNS,,,,,
1165,YAUTIA (TANNIER),,,,,
1166,YELLOWTAIL,,,,,
1167,YOGURT,,,,,